"Lo, Maodo",PG,BER,GER,191,29,27,37%,21.6,9.5,2.0,3.9,52%,1.3,3.9,35%,3.4,7.8,43%,1.4,1.6,89%,0.3,1.0,1.3,3.1,1.5,2.0,0.6,2.1,0.0,7.6,0
"Siva, Peyton",PG,BER,USA,182,31,26,42%,20.3,10.1,1.3,3.0,43%,1.7,5.0,33%,3.0,8.0,37%,2.5,2.8,90%,0.5,1.5,2.0,5.2,1.9,3.0,1.2,2.3,0.0,11.7,0
"Giffey, Niels",F,BER,GER,200,30,24,42%,20.0,8.1,2.2,4.2,52%,1.0,2.3,42%,3.2,6.5,49%,0.8,1.0,79%,1.2,1.7,2.9,1.4,1.9,1.8,0.8,1.3,0.4,8.3,0
"Delow, Malte",SG,BER,GER,194,20,23,39%,8.3,1.6,0.5,1.0,46%,0.2,0.7,27%,0.7,1.7,38%,0.1,0.1,67%,0.5,0.4,0.9,0.5,1.6,0.4,0.4,0.3,0.0,0.7,0
"Eriksson, Marcus",F,BER,SWE,201,28,22,32%,23.3,12.4,1.5,2.5,59%,2.6,6.0,44%,4.1,8.5,49%,1.5,1.6,94%,0.2,1.5,1.7,0.7,1.3,2.2,0.5,1.0,0.0,10.7,0
"Mattisseck, Jonas",SG,BER,GER,194,21,31,32%,13.8,3.0,0.3,0.7,43%,0.7,2.1,36%,1.0,2.7,38%,0.2,0.3,88%,0.2,0.8,1.1,0.9,1.8,0.9,0.4,0.5,0.0,2.1,0
"Schneider, Tim",PF,BER,GER,208,24,28,36%,11.2,2.8,0.6,1.7,36%,0.5,1.6,30%,1.1,3.3,33%,0.2,0.3,71%,0.5,1.0,1.5,0.3,1.1,0.3,0.1,0.3,0.1,1.3,0
"Brenneke, Lorenz",F,BER,GER,204,21,1,0%,9.2,0.0,0.0,1.0,0%,0.0,0.0,-,0.0,1.0,0%,0.0,0.0,-,0.0,1.0,1.0,0.0,1.0,2.0,0.0,0.0,0.0,1.0,0
"Nikic, Kresimir",C,BER,CRO,213,22,10,40%,8.3,2.2,0.9,2.2,41%,0.0,0.0,-,0.9,2.2,41%,0.4,0.4,100%,0.5,1.0,1.5,0.4,0.9,1.1,0.2,0.6,0.1,2.6,0
"Olinde, Louis",F,BER,GER,205,23,25,32%,16.0,4.3,1.0,2.4,42%,0.6,1.7,36%,1.6,4.1,39%,0.5,0.8,65%,1.1,1.6,2.7,0.2,2.2,1.2,0.5,0.8,0.2,3.0,0
"Fontecchio, Simone",F,BER,ITA,203,26,29,31%,23.4,10.6,2.7,5.0,54%,1.4,3.6,39%,4.1,8.6,48%,1.1,1.2,89%,0.9,2.6,3.4,1.6,1.8,1.7,0.9,1.6,0.2,10.1,0
"Thiemann, Johannes",C,BER,GER,205,27,31,35%,19.0,7.7,2.0,4.2,48%,0.7,2.0,38%,2.8,6.2,45%,1.4,1.8,80%,1.4,2.4,3.8,1.5,1.6,2.6,0.7,1.1,0.0,9.4,0
"Granger, Jayson",PG,BER,ITA,189,32,28,32%,23.3,8.1,1.8,3.6,49%,1.4,4.0,34%,3.1,7.7,41%,0.5,0.6,78%,0.3,2.4,2.7,4.9,1.3,2.7,1.0,1.9,0.0,11.4,0
"Sikma, Luke",F/PF,BER,USA,203,32,31,35%,24.9,9.1,2.8,4.5,62%,0.6,1.8,33%,3.4,6.3,54%,1.7,2.2,78%,1.7,4.0,5.7,3.8,2.5,3.6,0.8,3.0,0.3,14.0,0
"Lammers, Ben",C,BER,USA,208,26,28,32%,20.7,10.0,4.2,6.5,64%,0.3,0.7,37%,4.4,7.2,61%,0.9,1.0,89%,1.2,2.8,4.0,0.7,1.9,1.1,0.8,0.7,1.3,12.2,0
"Koumadje, Christ",C,BER,CHA,223,25,4,25%,11.9,3.5,1.8,2.5,70%,0.0,0.0,-,1.8,2.5,70%,0.0,0.8,0%,0.5,2.8,3.3,0.3,2.3,0.8,0.0,1.0,1.0,4.0,0
"Larkin, Shane",PG,EFS,USA,180,29,28,68%,28.2,15.1,2.0,3.9,50%,2.6,6.3,41%,4.6,10.2,45%,3.4,3.9,86%,0.5,1.9,2.4,4.1,1.0,3.9,1.4,2.1,0.1,17.0,0
"Beaubois, Rodrigue",PG/SG,EFS,FRA,190,33,31,65%,21.1,9.9,1.8,3.4,53%,1.8,3.7,48%,3.6,7.1,50%,1.0,1.0,94%,0.2,1.5,1.7,1.8,1.7,1.4,0.5,1.1,0.4,9.2,0
"Singleton, Chris",PF/C,EFS,USA,206,32,34,65%,21.7,6.0,0.9,1.9,46%,1.0,2.5,39%,1.8,4.4,42%,1.4,1.7,81%,1.0,2.8,3.7,0.7,2.3,2.1,0.8,0.6,0.5,7.9,0
"Saybir, Yigitcan",F,EFS,TUR,198,22,2,100%,2.4,1.0,0.5,1.0,50%,0.0,0.5,0%,0.5,1.5,33%,0.0,0.0,-,0.5,0.0,0.5,0.0,0.0,0.0,0.0,0.0,0.0,0.5,0
"Balbay, Dogus",SG,EFS,TUR,185,32,25,60%,7.4,1.6,0.5,0.6,86%,0.2,0.6,29%,0.6,1.1,57%,0.2,0.3,63%,0.1,0.6,0.7,0.6,1.2,0.4,0.5,0.4,0.2,1.9,0
"Gecim, Tolga",PF,EFS,TUR,206,25,6,67%,5.5,0.7,0.3,1.2,29%,0.0,0.3,0%,0.3,1.5,22%,0.0,0.0,-,0.0,0.8,0.8,0.3,0.3,0.3,0.0,0.7,0.0,-0.2,0
"Gazi, Erten",SG,EFS,TUR,190,24,8,50%,6.0,1.4,0.3,0.5,50%,0.3,0.9,29%,0.5,1.4,36%,0.1,0.3,50%,0.3,0.4,0.6,0.6,1.4,0.6,0.3,0.0,0.0,1.0,0
"Sanli, Sertac",C,EFS,TUR,212,30,27,70%,13.5,7.4,2.4,3.6,69%,0.4,1.1,37%,2.9,4.7,61%,1.3,1.7,77%,0.7,1.1,1.8,0.7,2.1,1.1,0.4,0.6,0.4,6.7,0
"Moerman, Adrien",PF,EFS,FRA,201,33,34,65%,21.3,6.9,1.9,3.1,59%,0.9,2.6,36%,2.8,5.8,48%,0.4,0.6,59%,1.2,3.7,4.9,1.2,1.5,1.2,0.6,1.0,0.1,9.0,0
"Tuncer, Bugrahan",SG,EFS,TUR,193,28,14,64%,6.1,2.6,0.4,1.0,43%,0.6,1.6,36%,1.0,2.6,39%,0.0,0.0,-,0.4,0.8,1.1,1.2,1.0,0.3,0.3,0.5,0.0,2.3,0
"Pleiss, Tibor",C,EFS,GER,218,32,19,53%,13.8,8.0,3.0,5.0,60%,0.3,0.7,38%,3.3,5.7,57%,1.2,1.3,92%,1.1,2.0,3.1,0.6,0.9,1.2,0.2,0.8,0.4,8.9,0
"Micic, Vasilije",PG,EFS,SER,195,27,33,64%,30.1,16.1,3.8,6.8,56%,1.6,4.5,35%,5.5,11.4,48%,3.6,4.2,86%,0.4,2.2,2.6,5.0,2.5,4.9,1.2,3.0,0.0,17.1,0
"Anderson, James",F,EFS,USA,198,32,34,65%,16.5,4.8,1.0,1.7,56%,0.6,1.4,45%,1.6,3.2,51%,0.9,1.3,70%,0.9,2.2,3.1,0.9,1.4,1.1,0.5,0.4,0.1,6.6,0
"Dunston, Bryant",C,EFS,USA,203,35,29,62%,21.5,8.3,3.2,5.5,59%,0.0,0.1,50%,3.3,5.6,59%,1.7,2.8,61%,1.8,2.2,4.0,1.1,2.4,3.0,0.8,0.8,1.0,11.4,0
"Simon, Krunoslav",SG,EFS,CRO,197,36,28,64%,26.5,10.9,2.5,4.4,57%,1.6,3.8,42%,4.1,8.2,50%,1.2,1.5,77%,0.5,2.5,3.1,3.4,1.2,1.7,0.5,1.1,0.3,13.0,0
"Musa, Dzanan",F,EFS,BIH,203,22,4,75%,2.9,0.0,0.0,0.0,-,0.0,0.5,0%,0.0,0.5,0%,0.0,0.0,-,0.0,0.5,0.5,0.3,0.5,0.0,0.3,0.5,0.0,-0.5,0
"Punter, Kevin",SG,MIL,USA,193,28,29,62%,25.8,15.0,3.1,5.8,53%,2.0,4.9,40%,5.0,10.7,47%,2.9,3.3,89%,0.2,1.4,1.6,1.6,1.9,3.3,0.8,1.3,0.0,12.6,0
"Leday, Zach",PF/C,MIL,USA,201,27,29,62%,24.2,10.3,2.5,5.1,49%,1.0,2.1,49%,3.6,7.2,49%,2.2,2.4,90%,1.0,3.5,4.5,0.6,2.0,3.4,0.6,0.9,0.4,12.7,0
"Moretti, Davide",PG/SG,MIL,ITA,190,23,3,67%,1.9,0.7,0.0,0.0,-,0.0,0.3,0%,0.0,0.3,0%,0.7,0.7,100%,0.0,0.0,0.0,0.0,0.3,1.0,0.0,0.3,0.0,0.7,0
"Micov, Vladimir",F/PF,MIL,SER,201,36,23,61%,19.3,6.3,1.7,3.5,50%,0.7,1.7,44%,2.5,5.2,48%,0.6,0.8,68%,0.2,1.4,1.6,1.1,1.7,1.4,0.7,0.8,0.1,5.5,0
"Moraschini, Riccardo",PG,MIL,ITA,194,30,23,70%,10.7,2.8,0.4,1.1,38%,0.4,0.8,47%,0.8,2.0,42%,0.7,1.1,65%,0.1,1.5,1.6,1.1,1.1,0.9,0.4,0.6,0.0,3.4,0
"Roll, Michael",F,MIL,USA,198,34,30,57%,16.3,4.6,0.9,1.8,48%,0.9,2.1,41%,1.7,3.9,44%,0.3,0.3,89%,0.1,1.2,1.4,1.3,1.6,0.6,0.5,0.4,0.1,4.1,0
"Rodriguez, Sergio",PG,MIL,ESP,191,35,30,67%,20.1,9.6,1.8,2.9,63%,1.6,4.7,34%,3.4,7.6,45%,1.2,1.3,92%,0.1,1.9,2.0,4.7,1.8,2.0,0.8,1.8,0.1,11.2,0
"Tarczewski, Kaleb",C,MIL,USA,213,28,32,63%,13.9,4.2,1.7,3.0,56%,0.0,0.0,-,1.7,3.0,56%,0.8,1.3,65%,1.3,1.9,3.2,0.3,2.4,1.6,0.3,0.9,0.4,4.8,0
"Biligha, Paul",C,MIL,ITA,200,31,7,86%,3.4,0.9,0.1,0.6,25%,0.0,0.0,-,0.1,0.6,25%,0.6,0.6,100%,0.4,0.9,1.3,0.0,0.3,0.3,0.1,0.4,0.3,1.7,0
"Cinciarini, Andrea",PG,MIL,ITA,193,35,7,71%,2.6,0.0,0.0,0.0,-,0.0,0.3,0%,0.0,0.3,0%,0.0,0.0,-,0.0,0.3,0.3,0.3,0.7,0.3,0.0,0.3,0.0,-0.4,0
"Delaney, Malcolm",PG,MIL,USA,191,32,26,69%,24.7,10.8,1.8,4.3,41%,1.5,4.0,39%,3.3,8.3,40%,2.6,3.3,80%,0.2,2.1,2.3,3.7,2.8,3.5,1.0,2.0,0.0,10.5,0
"Shields, Shavon",SG/F,MIL,DEN,201,27,29,55%,27.0,13.5,3.6,6.2,57%,1.5,3.4,45%,5.1,9.6,53%,1.8,2.3,80%,0.8,3.1,3.9,1.4,1.5,2.7,1.1,1.2,0.2,15.0,0
"Brooks, Jeff",PF,MIL,USA,203,32,26,58%,13.8,2.5,0.5,1.2,44%,0.3,0.9,38%,0.9,2.2,41%,0.3,0.5,69%,0.9,1.6,2.5,0.8,1.2,0.4,0.3,0.3,0.4,3.8,0
"Hines, Kyle",C,MIL,USA,198,35,33,61%,24.5,8.1,3.4,6.3,55%,0.0,0.0,0%,3.4,6.3,54%,1.2,1.8,68%,1.8,2.5,4.3,1.9,2.5,2.3,0.7,1.3,0.7,10.1,0
"Datome, Luigi",F/PF,MIL,ITA,203,34,31,61%,17.3,7.6,1.2,2.7,45%,1.4,2.6,53%,2.6,5.3,49%,1.0,1.0,94%,0.5,2.4,2.9,0.9,1.9,0.8,0.2,0.5,0.1,7.1,0
"Evans, Jeremy",PF/C,MIL,USA,206,34,5,80%,10.2,4.2,1.6,2.4,67%,0.2,0.4,50%,1.8,2.8,64%,0.4,0.4,100%,1.4,2.2,3.6,0.0,1.8,0.6,0.2,1.2,0.2,4.8,0
"Hall, Langston",SG,CZV,USA,192,30,21,33%,16.2,5.2,1.5,3.7,42%,0.6,1.4,41%,2.1,5.0,42%,0.4,0.4,100%,0.5,1.0,1.6,2.8,2.1,0.8,0.8,1.8,0.1,4.1,0
"Walden, Corey",PG,CZV,USA,188,29,30,30%,23.4,10.5,1.8,3.9,46%,1.4,3.5,39%,3.2,7.4,43%,2.8,3.3,84%,0.3,1.4,1.8,2.3,2.9,4.3,0.9,1.9,0.1,9.9,0
"Loyd, Jordan",SG,CZV,USA,193,28,29,28%,27.3,17.3,3.8,7.4,52%,1.9,6.1,31%,5.7,13.5,42%,4.0,4.4,91%,0.7,2.9,3.6,3.2,2.9,5.0,1.2,2.3,0.2,16.5,0
"Uskokovic, Aleksa",SG,CZV,SRB,194,22,16,25%,13.8,4.3,1.3,2.5,53%,0.3,0.9,36%,1.6,3.4,48%,0.8,0.9,80%,0.3,1.3,1.5,2.1,1.8,1.0,0.3,1.4,0.0,3.8,0
"Davidovac, Dejan",F,CZV,SRB,202,26,33,27%,22.7,7.2,1.8,3.2,57%,0.8,2.2,38%,2.7,5.5,49%,1.0,1.2,78%,0.8,2.0,2.8,1.6,2.1,1.9,1.0,1.1,0.2,8.3,0
"Lazic, Branko",SG,CZV,SRB,195,32,33,30%,16.3,2.7,0.4,1.1,39%,0.5,1.5,35%,0.9,2.5,37%,0.3,0.3,91%,0.4,0.9,1.3,0.7,2.3,0.7,0.6,0.3,0.0,1.6,0
"Reath, Duop",C,CZV,AUS,210,25,23,35%,13.3,4.8,1.3,2.0,65%,0.6,1.7,35%,1.9,3.7,51%,0.4,0.5,82%,0.7,1.1,1.9,0.2,1.5,0.6,0.2,0.3,0.3,4.0,0
"Radanov, Aleksa",SG/F,CZV,SRB,202,23,14,29%,11.4,2.9,0.8,2.1,38%,0.2,0.7,30%,1.0,2.8,36%,0.7,0.9,83%,0.5,0.9,1.4,0.5,1.6,1.1,0.1,0.7,0.0,1.5,0
"Dobric, Ognjen",SG/F,CZV,SRB,200,27,32,25%,18.6,8.3,1.0,2.6,40%,1.6,3.6,46%,2.7,6.2,43%,1.3,1.5,86%,0.5,1.5,2.0,0.8,1.4,1.5,0.9,1.1,0.0,7.0,0
"Simonovic, Marko",PF,CZV,SRB,203,35,23,30%,18.6,5.3,0.6,1.5,37%,1.2,2.6,46%,1.7,4.1,43%,0.7,0.9,71%,0.3,2.1,2.3,0.5,1.6,1.0,0.3,0.4,0.0,4.7,0
"Jagodic-Kuridza, Marko",PF,CZV,CRO,205,34,34,29%,18.7,4.4,1.1,3.0,38%,0.4,1.1,35%,1.5,4.1,37%,0.9,1.2,78%,1.1,1.9,2.9,1.1,2.1,1.5,0.4,0.6,0.1,4.5,0
"Simanic, Borisa",PF,CZV,SRB,209,23,3,33%,4.3,1.0,0.0,0.0,-,0.3,0.7,50%,0.3,0.7,50%,0.0,0.0,-,0.0,1.0,1.0,0.3,0.7,0.0,0.3,0.3,0.0,1.3,0
"Kuzmic, Ognjen",C,CZV,SER,214,31,32,31%,13.9,3.8,1.5,2.8,54%,0.0,0.0,-,1.5,2.8,54%,0.8,1.2,64%,1.8,2.2,3.9,0.3,1.2,1.1,0.3,0.5,0.3,6.1,0
"Rochestie, Taylor",PG/SG,CZV,USA,186,36,9,33%,11.3,3.9,1.0,1.8,56%,0.6,1.2,45%,1.6,3.0,52%,0.2,0.2,100%,0.2,0.4,0.7,2.0,1.0,0.4,0.0,1.0,0.1,3.6,0
"Terry, Emanuel",C,CZV,USA,206,25,9,33%,18.9,5.6,2.2,3.4,65%,0.0,0.0,-,2.2,3.4,65%,1.1,1.9,59%,1.6,2.9,4.4,0.4,2.7,1.4,0.4,1.0,1.1,7.6,0
"O'Bryant, Johnny",PF/C,CZV,USA,206,28,16,25%,20.7,11.3,3.3,6.5,50%,0.8,2.3,32%,4.0,8.8,45%,2.5,3.4,74%,1.0,4.2,5.2,1.4,2.5,3.2,0.6,2.5,0.3,11.1,0
"Colom, Quino",PG,CZV,ESP,188,33,8,25%,14.2,6.6,0.9,2.1,41%,0.9,1.9,47%,1.8,4.0,44%,2.3,2.9,78%,0.1,0.8,0.9,2.5,0.8,2.1,0.1,2.5,0.0,5.9,0
"Nnoko, Landry",C,CZV,CAM,208,27,10,30%,20.8,7.1,3.2,5.5,58%,0.0,0.0,-,3.2,5.5,58%,0.7,1.2,58%,2.1,3.1,5.2,0.7,1.8,1.9,0.6,1.5,0.7,9.8,0
"Bolomboy, Joel",PF/C,CSK,RUS,206,27,24,63%,16.9,5.3,1.8,3.0,60%,0.2,0.7,25%,2.0,3.7,54%,1.1,1.5,77%,1.8,2.1,3.9,0.3,1.6,1.3,0.6,0.7,0.5,7.3,0
"Khomenko, Alexander",SG,CSK,RUS,192,22,15,67%,5.7,1.9,0.6,1.1,53%,0.1,0.3,20%,0.7,1.5,45%,0.5,0.6,89%,0.3,0.0,0.3,0.2,1.3,1.2,0.0,0.5,0.0,0.8,0
"James, Mike",PG,CSK,USA,185,31,27,67%,31.2,19.3,3.6,7.0,51%,2.6,7.3,35%,6.2,14.4,43%,4.4,5.4,81%,0.6,2.6,3.1,5.7,1.6,4.8,1.0,2.9,0.1,19.7,0
"Hilliard, Darrun",SG/F,CSK,USA,198,28,32,69%,20.2,9.6,1.9,4.3,44%,1.5,4.3,35%,3.4,8.6,39%,1.3,1.6,86%,0.4,1.8,2.1,1.1,1.8,1.7,0.7,1.1,0.2,6.6,0
"Ukhov, Ivan",PG,CSK,RUS,193,26,21,71%,8.5,1.7,0.2,0.9,22%,0.4,1.2,35%,0.6,2.1,30%,0.0,0.2,25%,0.2,0.6,0.9,0.7,1.7,0.5,0.1,0.5,0.0,0.0,0
"Hackett, Daniel",PG,CSK,ITA,197,34,25,68%,23.4,8.8,1.4,3.3,41%,1.4,3.2,44%,2.8,6.4,43%,1.9,2.3,83%,0.6,2.2,2.7,2.0,2.9,3.7,0.9,1.2,0.0,9.9,0
"Antonov, Semen",PF,CSK,RUS,202,32,27,74%,8.6,1.7,0.4,0.8,50%,0.3,0.7,37%,0.7,1.5,44%,0.1,0.2,50%,0.5,0.5,1.0,0.4,1.3,0.2,0.2,0.2,0.1,1.1,0
"Strelnieks, Janis",SG,CSK,LAT,191,32,21,71%,14.3,4.7,1.0,2.2,46%,0.8,1.9,41%,1.8,4.0,44%,0.4,0.7,64%,0.0,0.8,0.9,1.8,1.9,0.6,0.3,0.5,0.0,3.3,0
"Voigtmann, Johannes",C,CSK,GER,214,29,32,69%,19.1,8.4,1.6,2.6,61%,1.3,2.9,46%,2.9,5.5,53%,1.3,1.4,89%,1.2,3.6,4.8,1.3,1.6,1.4,0.5,1.0,0.3,11.3,0
"Clyburn, Will",F,CSK,USA,201,31,26,81%,25.9,13.3,2.7,5.7,48%,1.5,3.8,38%,4.2,9.6,44%,3.4,4.3,79%,0.9,2.7,3.6,1.6,2.0,4.1,0.8,1.6,0.1,13.1,0
"Shengelia, Tornike",PF,CSK,GEO,203,30,32,72%,24.7,11.4,3.2,6.3,51%,0.8,2.5,34%,4.1,8.8,46%,2.4,3.7,65%,1.9,2.9,4.8,2.2,2.7,3.7,1.2,2.0,0.2,12.3,0
"Lopatin, Andrei",PF,CSK,RUS,208,23,2,100%,3.4,0.0,0.0,0.0,-,0.0,0.5,0%,0.0,0.5,0%,0.0,0.0,-,0.5,0.5,1.0,0.0,0.0,0.0,0.0,1.0,0.0,-0.5,0
"Milutinov, Nikola",C,CSK,SER,213,27,20,70%,23.5,9.9,3.9,5.8,67%,0.1,0.1,50%,3.9,5.9,67%,2.0,2.9,70%,4.4,4.2,8.6,0.8,1.4,2.9,0.4,0.7,0.5,17.9,0
"Kurbanov, Nikita",F,CSK,RUS,202,35,34,71%,22.0,4.0,0.8,1.2,62%,0.6,1.6,36%,1.4,2.9,47%,0.7,1.0,70%,0.7,1.8,2.5,0.9,1.9,1.0,0.6,0.8,0.3,4.7,0
"Umrikhin, Yury",SG,CSK,RUS,188,22,1,100%,0.1,0.0,0.0,0.0,-,0.0,0.0,-,0.0,0.0,-,0.0,0.0,-,0.0,0.0,0.0,0.0,0.0,0.0,0.0,0.0,0.0,0.0,0
"Lundberg, Iffe",PG,CSK,DEN,193,27,10,80%,20.2,10.4,2.4,4.0,60%,1.6,3.3,48%,4.0,7.3,55%,0.8,1.3,62%,0.5,1.8,2.3,2.0,2.1,1.9,0.9,0.8,0.0,10.8,0
"Eric, Michael",C,CSK,NIG,210,33,9,89%,15.9,7.3,3.6,4.9,73%,0.0,0.0,-,3.6,4.9,73%,0.2,0.4,50%,2.6,2.3,4.9,0.3,1.6,0.8,0.9,0.7,0.4,10.7,0
"Davies, Brandon",C,FCB,USA,208,30,28,75%,20.5,11.6,4.3,7.2,59%,0.0,0.2,17%,4.3,7.4,58%,3.0,3.9,77%,1.5,2.4,3.9,1.5,2.9,4.5,0.7,2.2,0.5,13.2,0
"Hanga, Adam",F,FCB,HUN,201,32,34,71%,16.8,4.9,1.2,2.6,47%,0.6,2.0,33%,1.9,4.6,41%,0.5,0.8,64%,0.6,1.8,2.4,1.9,2.1,1.2,0.8,1.3,0.3,5.0,0
"Bolmaro, Leandro",SG,FCB,ITA,198,21,24,63%,7.9,2.5,0.5,1.3,39%,0.3,0.6,40%,0.8,1.9,39%,0.7,1.0,74%,0.2,0.7,0.9,1.2,1.2,1.0,0.3,0.9,0.0,2.3,0
"Smits, Rolands",PF,FCB,LAT,207,26,34,71%,16.5,6.1,1.9,2.8,67%,0.5,1.2,41%,2.4,4.0,59%,0.9,1.1,77%,1.1,2.2,3.4,0.6,2.2,1.4,0.4,1.1,0.2,6.8,0
"Heurtel, Thomas",PG,FCB,FRA,189,32,12,83%,13.5,2.9,0.8,2.2,35%,0.3,1.6,21%,1.1,3.8,29%,0.4,0.5,83%,0.2,1.0,1.2,2.4,0.9,0.6,0.4,1.8,0.0,1.9,0
"Pustovyi, Artem",C,FCB,UKR,216,29,15,53%,7.9,2.8,1.1,1.5,70%,0.0,0.0,-,1.1,1.5,70%,0.7,1.0,67%,0.7,0.5,1.2,0.2,1.5,0.9,0.3,0.8,0.5,2.7,0
"Badji, Ibou",C,FCB,SEN,215,19,3,67%,1.9,0.0,0.0,0.3,0%,0.0,0.0,-,0.0,0.3,0%,0.0,0.0,-,0.0,0.0,0.0,0.0,0.3,0.0,0.0,0.0,0.0,-0.7,0
"Oriola, Pierre",PF,FCB,ESP,208,29,32,72%,16.7,6.2,2.4,4.2,57%,0.2,0.3,50%,2.6,4.5,57%,0.9,1.4,64%,1.6,2.5,4.1,0.9,2.2,1.3,0.2,1.3,0.3,6.8,0
"Abrines, Alex",F,FCB,ESP,198,28,32,72%,19.9,7.1,0.7,1.4,47%,1.7,3.9,43%,2.3,5.3,44%,0.8,0.8,93%,0.6,1.3,1.9,0.8,2.5,1.0,0.7,0.3,0.2,5.6,0
"Higgins, Cory",SG,FCB,USA,196,32,32,72%,26.1,12.6,3.5,6.8,52%,0.9,2.5,38%,4.5,9.3,48%,2.8,3.0,93%,0.4,1.8,2.2,2.4,1.6,3.8,1.0,1.7,0.1,13.4,0
"Martinez, Sergi",F/PF,FCB,ESP,202,22,24,75%,10.8,2.0,0.8,1.4,55%,0.1,0.6,21%,0.9,2.0,45%,0.2,0.3,57%,0.8,1.5,2.2,0.4,1.5,0.5,0.2,0.7,0.0,2.0,0
"Kuric, Kyle",SG,FCB,USA,193,32,32,72%,17.9,8.1,0.9,1.7,53%,1.8,3.1,59%,2.7,4.8,56%,0.9,0.9,93%,0.3,1.3,1.6,0.4,1.4,1.2,0.3,0.6,0.0,7.5,0
"Badio, Brancou",SG,FCB,SEN,191,22,1,0%,0.4,0.0,0.0,0.0,-,0.0,0.0,-,0.0,0.0,-,0.0,0.0,-,0.0,0.0,0.0,0.0,0.0,0.0,0.0,0.0,0.0,0.0,0
"Claver, Victor",F/PF,FCB,ESP,207,33,10,80%,13.9,2.6,0.7,0.9,78%,0.3,1.4,21%,1.0,2.3,43%,0.3,0.4,75%,0.7,1.5,2.2,0.3,1.4,0.7,0.5,0.5,0.2,3.2,0
"Mirotic, Nikola",F/PF,FCB,ESP,208,30,26,69%,25.5,16.9,4.5,6.8,65%,1.5,3.5,42%,5.9,10.3,57%,3.6,4.2,86%,1.9,4.3,6.3,1.1,1.7,4.7,1.2,1.7,0.4,22.0,0
"Calathes, Nick",PG,FCB,GRE,198,32,34,71%,25.0,7.5,2.3,5.0,46%,0.8,2.4,32%,3.1,7.4,41%,0.6,1.2,50%,0.4,3.1,3.4,7.0,2.3,1.6,1.0,2.5,0.1,10.5,0
"Westermann, Leo",PG,FCB,FRA,198,29,14,71%,11.5,2.9,0.4,0.8,45%,0.6,1.9,31%,0.9,2.6,35%,0.5,0.6,78%,0.1,1.4,1.5,1.9,1.7,0.8,0.4,0.6,0.0,3.2,0
"Gasol, Pau",C,FCB,ESP,213,41,1,0%,13.1,9.0,4.0,9.0,44%,0.0,1.0,0%,4.0,10.0,40%,1.0,2.0,50%,1.0,3.0,4.0,1.0,2.0,1.0,0.0,1.0,0.0,5.0,0
"Weiler-Babb, Nick",PG,BAY,USA,196,26,32,63%,24.1,6.4,1.0,2.9,36%,1.0,2.8,34%,2.0,5.7,35%,1.4,1.8,81%,0.9,2.4,3.3,2.3,2.5,1.9,1.3,1.2,0.3,7.3,0
"Seeley, Dennis",PG,BAY,USA,193,32,22,59%,20.8,7.8,1.3,3.0,45%,1.2,2.5,46%,2.5,5.5,45%,1.6,1.8,88%,0.3,0.6,0.9,2.4,2.1,2.5,0.7,1.7,0.0,7.0,0
"Baldwin Iv, Wade",PG/SG,BAY,USA,193,25,34,62%,27.3,15.2,4.9,10.0,49%,1.0,3.2,31%,5.9,13.1,45%,2.5,3.4,74%,0.4,2.7,3.1,3.9,3.0,4.2,1.2,2.8,0.3,13.4,0
"Bray, TJ",SG,BAY,USA,196,29,9,67%,5.9,0.9,0.1,0.6,20%,0.2,0.7,33%,0.3,1.2,27%,0.0,0.0,-,0.0,0.2,0.2,0.7,1.1,0.2,0.0,0.0,0.0,-0.2,0
"Reynolds, Jalen",C,BAY,USA,207,29,34,62%,21.4,14.1,5.9,9.7,61%,0.1,0.2,43%,6.0,9.9,61%,1.9,2.2,88%,2.1,3.8,5.9,1.1,2.6,2.5,1.2,2.0,0.5,16.3,0
"Thomas, Malcolm",C,BAY,USA,206,33,10,70%,13.1,3.3,1.2,2.5,48%,0.1,0.6,17%,1.3,3.1,42%,0.6,0.8,75%,1.1,2.1,3.2,0.7,2.9,0.6,0.6,0.9,0.5,3.0,0
"Lucic, Vladimir",F/PF,BAY,SER,204,32,26,62%,30.9,13.8,2.0,3.3,62%,1.9,4.4,44%,4.0,7.7,52%,4.0,4.6,86%,0.8,4.0,4.8,1.3,2.6,4.9,1.1,1.3,0.2,17.7,0
"Flaccadori, Diego",PG/SG,BAY,ITA,193,25,17,59%,5.5,1.4,0.4,0.9,44%,0.1,0.4,29%,0.5,1.4,39%,0.2,0.3,80%,0.1,0.3,0.4,0.6,0.9,0.2,0.2,0.3,0.0,0.8,0
"Dedovic, Nihad",SG/F,BAY,GER,199,31,15,73%,20.5,6.5,1.4,2.4,58%,1.0,2.8,36%,2.4,5.2,46%,0.7,0.9,77%,0.4,1.3,1.7,2.1,1.5,1.4,0.7,1.3,0.1,6.5,0
"Amaize, Robin",PG,BAY,GER,188,27,8,63%,6.2,0.5,0.3,0.6,40%,0.0,0.4,0%,0.3,1.0,25%,0.0,0.0,-,0.4,0.1,0.5,0.1,0.8,0.3,0.3,0.1,0.0,-0.1,0
"Zipser, Paul",PF,BAY,GER,203,27,34,62%,22.2,9.0,1.4,2.4,57%,1.6,3.5,45%,2.9,5.9,50%,1.6,1.9,82%,0.6,2.3,2.9,1.1,2.2,1.9,0.7,0.7,0.3,9.4,0
"Johnson, Jajuan",PF/C,BAY,USA,208,32,33,64%,13.3,3.6,1.5,3.5,43%,0.0,0.2,0%,1.5,3.7,41%,0.5,0.6,86%,0.6,1.8,2.5,0.3,1.4,0.7,0.4,0.6,0.4,3.6,0
"Sisko, Zan",SG,BAY,SLO,189,24,27,63%,16.3,4.1,1.0,2.1,46%,0.6,1.6,40%,1.6,3.6,44%,0.3,0.4,80%,0.6,0.8,1.4,3.3,2.8,1.0,0.9,1.0,0.0,4.7,0
"Radosevic, Leon",C,BAY,GER,208,31,32,63%,14.0,3.8,1.3,3.0,45%,0.2,0.6,39%,1.6,3.5,44%,0.5,0.7,71%,0.6,1.6,2.2,0.6,1.4,1.0,0.4,0.7,0.1,3.8,0
"Grant, Sasha",F,BAY,ITA,198,19,11,64%,5.5,0.5,0.0,0.1,0%,0.2,0.4,50%,0.2,0.5,40%,0.0,0.0,-,0.3,0.6,0.9,0.1,0.6,0.1,0.3,0.2,0.0,0.7,0
"Gist, James",PF/C,BAY,USA,206,35,18,61%,21.8,5.2,1.9,4.1,47%,0.1,0.4,29%,2.0,4.4,45%,1.1,1.7,67%,1.1,1.9,3.1,0.8,3.3,1.4,0.7,1.1,0.3,3.9,0
"George, Jason",SG,BAY,GER,198,20,1,0%,1.3,0.0,0.0,0.0,-,0.0,0.0,-,0.0,0.0,-,0.0,0.0,-,0.0,0.0,0.0,0.0,1.0,0.0,0.0,0.0,0.0,-1.0,0
"Kraemer, David",SG,BAY,GER,199,24,6,67%,2.9,1.0,0.0,0.3,0%,0.3,0.7,50%,0.3,1.0,33%,0.0,0.0,-,0.0,0.0,0.0,0.0,0.2,0.0,0.3,0.0,0.0,0.5,0
"Hamilton, Johnny",C,FBD,TTO,213,27,13,38%,6.9,1.0,0.5,1.4,33%,0.0,0.0,-,0.5,1.4,33%,0.1,0.2,50%,0.7,1.3,2.0,0.2,1.1,0.5,0.2,0.8,0.6,1.2,0
"Brown, Lorenzo",PG,FBD,USA,196,31,34,59%,23.0,9.7,2.8,5.9,48%,1.0,2.9,34%,3.8,8.8,43%,1.1,1.4,81%,0.6,1.7,2.2,3.6,1.8,1.9,1.3,2.1,0.0,9.1,0
"Westermann, Leo",PG,FBD,FRA,198,29,9,22%,12.6,4.8,0.8,1.8,44%,1.0,2.2,45%,1.8,4.0,44%,0.2,0.2,100%,0.1,1.6,1.7,2.3,2.0,1.1,0.6,2.1,0.0,4.0,0
"Mahmutoglu, Melih",SG,FBD,TUR,191,31,25,68%,13.5,4.3,0.8,1.3,58%,0.8,2.5,34%,1.6,3.8,42%,0.2,0.2,100%,0.0,0.6,0.7,0.3,1.0,0.4,0.2,0.6,0.0,2.0,0
"Biberovic, Tarik",F,FBD,TUR,201,20,13,31%,7.3,1.9,0.2,0.7,33%,0.5,1.2,40%,0.7,1.8,38%,0.1,0.2,50%,0.1,0.9,1.0,0.2,0.8,0.5,0.2,0.5,0.0,1.2,0
"O'Quinn, Kyle Brandon",C,FBD,USA,206,31,12,67%,15.1,5.7,2.2,3.8,58%,0.3,0.6,57%,2.5,4.3,58%,0.3,0.3,100%,1.1,2.3,3.3,1.3,2.2,0.3,0.6,1.4,0.4,6.0,0
"De Colo, Nando",SG,FBD,FRA,196,34,29,66%,27.1,15.5,3.8,6.5,58%,1.6,4.0,40%,5.3,10.5,51%,3.2,3.4,95%,0.3,3.0,3.3,4.1,2.1,5.3,1.4,2.9,0.0,19.0,0
"Pierre, Dyshawn",F/PF,FBD,CAN,198,28,34,59%,23.8,9.2,2.4,3.9,61%,0.9,2.1,43%,3.3,5.9,55%,1.8,2.1,87%,0.7,2.6,3.3,2.0,1.6,2.4,0.5,1.1,0.4,12.0,0
"Barthel, Danilo",PF,FBD,GER,208,30,26,46%,21.3,6.5,1.9,3.2,58%,0.5,1.2,41%,2.4,4.5,53%,1.2,1.4,86%,0.8,2.4,3.2,1.2,1.8,2.3,0.5,1.2,0.2,8.3,0
"Vesely, Jan",C,FBD,CZE,213,31,30,67%,28.6,13.2,5.7,8.4,67%,0.0,0.1,0%,5.7,8.5,66%,1.9,2.5,76%,1.5,3.8,5.3,2.8,2.2,2.6,0.9,1.3,0.6,18.4,0
"Sipahi, Kenan",F,FBD,TUR,197,26,7,29%,6.5,2.3,0.6,1.1,50%,0.3,0.9,33%,0.9,2.0,43%,0.3,0.3,100%,0.1,0.3,0.4,0.1,1.1,0.9,0.7,0.4,0.0,1.6,0
"Eddie, Jarell",F/PF,FBD,USA,201,30,31,55%,17.4,6.1,0.6,1.2,50%,1.4,3.2,45%,2.0,4.4,46%,0.6,0.7,90%,0.3,1.9,2.2,0.4,2.1,0.5,0.3,0.7,0.1,4.4,0
"Candan, Berkay",PF,FBD,TUR,205,28,1,100%,0.7,0.0,0.0,0.0,-,0.0,0.0,-,0.0,0.0,-,0.0,0.0,-,0.0,0.0,0.0,0.0,0.0,0.0,0.0,0.0,0.0,0.0,0
"Muhammed, Ali",SG,FBD,USA,178,38,17,29%,15.0,5.8,0.8,1.6,46%,1.4,3.1,44%,2.1,4.7,45%,0.2,0.3,80%,0.3,1.5,1.8,1.6,1.2,0.7,0.4,0.8,0.0,5.6,0
"Duverioglu, Ahmet",C,FBD,TUR,209,28,29,66%,11.5,3.7,1.6,2.3,70%,0.0,0.0,-,1.6,2.3,70%,0.6,1.0,55%,1.2,1.3,2.6,0.8,2.2,1.0,0.4,0.8,0.3,4.5,0
"Ulanovas, Edgaras",F,FBD,LIT,198,29,28,57%,19.6,4.5,1.1,2.2,52%,0.6,1.4,40%,1.7,3.6,47%,0.5,0.6,72%,0.5,1.1,1.6,1.4,1.6,1.4,0.3,0.8,0.0,4.7,0
"Guduric, Marko",SG,FBD,SER,196,26,18,83%,25.3,11.6,2.3,4.3,53%,1.9,4.8,39%,4.2,9.2,45%,1.4,1.7,83%,0.3,2.4,2.8,2.5,2.7,2.6,0.7,2.0,0.3,10.2,0
"Perez, Alex",PG,FBD,USA,191,28,6,100%,6.7,1.3,0.7,1.2,57%,0.0,0.5,0%,0.7,1.7,40%,0.0,0.2,0%,0.0,0.7,0.7,1.5,1.3,0.2,0.2,1.3,0.0,-0.2,0
"Shved, Alexey",PG/SG,KHI,RUS,198,33,23,17%,32.5,19.8,3.3,7.2,45%,3.1,9.4,33%,6.4,16.6,39%,3.9,4.3,90%,0.5,3.1,3.7,7.7,2.0,4.3,1.3,4.3,0.4,19.6,0
"Timma, Janis",F,KHI,LAT,201,29,16,13%,24.9,7.1,0.7,1.7,41%,1.8,5.0,35%,2.4,6.7,36%,0.5,0.7,73%,0.7,2.1,2.8,0.9,2.6,1.1,1.0,0.4,0.2,5.6,0
"Karasev, Sergey",F,KHI,RUS,201,28,28,14%,18.7,5.7,1.0,1.7,62%,0.9,2.8,31%,1.9,4.4,43%,1.0,1.2,88%,0.4,1.6,2.0,1.0,2.5,1.6,1.0,0.7,0.1,5.4,0
"Zaytsev, Vyacheslav",SG,KHI,RUS,190,32,34,12%,19.5,5.1,1.6,3.1,51%,0.4,1.2,33%,1.9,4.2,46%,0.9,1.1,81%,0.4,2.0,2.4,2.4,2.5,1.7,1.3,1.6,0.4,6.4,0
"Vialtsev, Egor",F,KHI,RUS,193,36,17,12%,15.1,4.1,0.5,1.0,53%,0.9,1.7,55%,1.5,2.7,54%,0.2,0.4,67%,0.3,0.8,1.1,1.3,2.1,0.9,0.2,0.8,0.0,3.3,0
"Valiev, Evgeny",PF,KHI,RUS,205,31,11,18%,15.3,3.7,1.4,1.9,71%,0.1,0.5,20%,1.5,2.4,62%,0.7,0.9,80%,1.9,1.3,3.2,0.7,3.7,1.2,0.3,0.4,0.0,3.9,0
"Monia, Sergey",F,KHI,RUS,202,38,26,12%,22.7,5.0,0.3,0.8,45%,1.4,3.5,41%,1.8,4.3,41%,0.0,0.0,-,0.8,2.2,3.0,1.6,2.8,0.2,0.6,0.9,0.5,4.6,0
"Monroe, Greg",C,KHI,USA,211,31,9,22%,20.2,10.3,3.7,7.2,51%,0.0,0.1,0%,3.7,7.3,50%,3.0,4.2,71%,2.9,3.1,6.0,1.4,1.8,3.3,0.6,2.1,0.7,12.8,0
"Voronov, Evgeny",PG,KHI,RUS,194,35,20,15%,12.0,2.9,0.8,1.4,56%,0.4,1.3,27%,1.1,2.7,42%,0.4,0.4,88%,0.4,1.2,1.6,0.8,2.0,1.1,0.3,0.8,0.1,2.4,0
"Jovic, Stefan",PG,KHI,SER,198,31,8,0%,23.1,4.4,0.8,1.9,40%,0.9,1.6,54%,1.6,3.5,46%,0.3,0.5,50%,0.3,1.8,2.0,3.8,2.4,1.3,1.0,0.8,0.1,7.0,0
"Booker, Devin",C,KHI,USA,205,30,15,0%,27.6,13.1,4.9,8.4,59%,0.4,1.1,38%,5.3,9.5,56%,2.0,2.7,73%,2.1,3.6,5.7,2.1,2.4,3.5,0.3,2.0,0.3,15.3,0
"Jerebko, Jonas",PF/C,KHI,SWE,208,34,15,7%,26.1,11.5,2.7,5.1,52%,1.5,3.8,40%,4.2,8.9,47%,1.6,1.9,83%,1.5,4.0,5.5,1.6,2.5,1.7,0.2,1.3,0.5,12.0,0
"Bertans, Dairis",SG,KHI,LAT,192,32,20,10%,17.2,5.4,0.5,1.5,33%,1.2,3.3,35%,1.7,4.8,34%,0.9,1.1,86%,0.6,0.6,1.2,0.9,2.4,1.3,0.4,0.8,0.1,2.7,0
"Mickey, Jordan",PF/C,KHI,USA,203,27,28,14%,28.9,15.6,5.6,9.5,59%,0.6,2.5,24%,6.2,12.0,52%,2.6,3.4,78%,1.1,4.7,5.8,0.9,2.5,3.2,1.1,2.0,1.5,16.5,0
"Sharapov, Vladislav",F,KHI,RUS,203,22,10,0%,7.8,1.6,0.7,1.2,58%,0.0,0.0,-,0.7,1.2,58%,0.2,0.2,100%,0.4,0.7,1.1,0.2,0.6,0.2,0.2,0.4,0.0,1.6,0
"Evstigneev, Ivan",SG,KHI,RUS,195,22,2,0%,12.1,1.0,0.0,1.0,0%,0.0,1.0,0%,0.0,2.0,0%,1.0,1.5,67%,0.5,1.5,2.0,0.5,2.0,0.5,0.0,1.0,0.0,-2.0,0
"Odinokov, Vladislav",F,KHI,RUS,202,21,7,0%,9.8,3.1,0.4,0.7,60%,0.7,1.0,71%,1.1,1.7,67%,0.1,0.6,25%,0.3,0.3,0.6,0.1,2.4,0.7,0.3,0.4,0.0,1.0,0
"Mccollum, Errick",PG,KHI,USA,187,33,28,14%,21.6,11.6,2.5,5.7,44%,1.1,3.3,34%,3.6,9.0,40%,3.2,3.8,85%,0.6,1.9,2.4,2.3,1.8,3.4,0.9,1.6,0.3,11.3,0
"Kadoshnikov, Dmitrii",F,KHI,RUS,202,20,5,0%,1.9,0.8,0.4,0.8,50%,0.0,0.0,-,0.4,0.8,50%,0.0,0.0,-,0.2,0.0,0.2,0.0,0.4,0.0,0.0,0.0,0.0,0.0,0
"Ponkrashov, Anton",SG,KHI,RUS,200,35,9,11%,17.3,2.4,0.2,1.8,13%,0.4,2.2,20%,0.7,4.0,17%,0.7,1.0,67%,0.4,1.6,2.0,2.0,1.7,1.9,0.1,1.2,0.1,1.9,0
"Freeman, Allerik",SG,ASV,USA,190,27,18,28%,20.8,7.4,1.2,2.9,40%,1.5,3.6,42%,2.7,6.5,41%,0.6,0.7,92%,0.1,1.0,1.1,1.2,1.8,1.2,0.5,1.5,0.0,3.7,0
"Kahudi, Charles",F,ASV,FRA,196,35,31,32%,21.2,5.6,1.0,2.2,44%,0.9,2.3,39%,1.9,4.5,42%,0.9,1.0,91%,0.5,1.9,2.4,0.9,2.1,1.3,0.8,0.7,0.1,5.5,0
"Lacombe, Paul",SG,ASV,FRA,198,31,25,40%,11.3,2.4,0.8,1.8,46%,0.1,0.6,20%,1.0,2.4,39%,0.3,0.6,53%,0.3,1.3,1.6,1.4,2.1,1.0,0.6,1.6,0.2,1.5,0
"Diot, Antoine",SG,ASV,FRA,193,32,30,40%,18.7,5.9,0.7,1.2,56%,1.4,2.7,53%,2.1,3.9,53%,0.4,0.6,71%,0.3,1.7,2.0,3.0,2.0,1.4,0.7,1.5,0.0,7.5,0
"Lomazs, Rihards",F,ASV,LAT,187,25,6,33%,9.2,3.3,0.5,1.0,50%,0.5,1.2,43%,1.0,2.2,46%,0.8,1.2,71%,0.2,0.2,0.3,0.5,1.5,1.3,0.0,0.5,0.0,2.0,0
"Fall, Moustapha",C,ASV,FRA,218,29,31,42%,22.0,8.8,3.3,4.7,70%,0.0,0.0,-,3.3,4.7,70%,2.1,3.5,62%,2.3,3.2,5.5,1.8,2.4,3.6,0.4,1.6,0.9,14.1,0
"Noua, Amine",C,ASV,FRA,202,24,28,39%,15.5,5.0,1.1,2.4,48%,0.7,2.3,32%,1.9,4.6,40%,0.6,0.8,76%,0.3,2.2,2.5,0.8,1.3,0.9,0.4,0.5,0.4,5.1,0
"Hayes, Kevarrius",C,ASV,USA,206,24,20,40%,10.8,3.0,1.0,2.1,46%,0.0,0.1,0%,1.0,2.1,45%,1.1,1.7,64%,1.1,1.6,2.6,0.5,1.9,1.6,0.4,0.7,0.9,4.4,0
"Bako, Ismael",C,ASV,FRA,208,26,27,41%,14.4,5.6,2.0,3.3,60%,0.0,0.0,-,2.0,3.3,60%,1.6,1.8,88%,1.3,2.2,3.6,0.4,2.1,1.3,0.5,0.8,0.8,7.4,0
"Lighty, David",F,ASV,USA,195,33,33,39%,25.3,11.3,3.5,6.6,53%,0.8,2.2,35%,4.3,8.8,49%,1.9,2.2,86%,0.7,2.2,2.8,1.9,2.2,2.6,1.0,1.8,0.0,10.7,0
"Howard, William",PF,ASV,FRA,203,28,22,36%,17.9,8.5,1.3,2.2,58%,1.5,3.0,52%,2.8,5.2,54%,1.3,1.4,94%,0.7,2.3,3.0,1.2,1.5,1.5,1.1,1.1,0.1,10.3,0
"Yabusele, Guerschon",PF,ASV,FRA,202,26,30,37%,25.1,11.0,2.5,4.7,53%,1.4,3.7,38%,3.9,8.5,46%,1.7,2.3,71%,1.0,3.2,4.2,1.2,2.2,2.5,0.8,1.6,0.6,11.0,0
"Cole, Norris",SG,ASV,USA,188,33,30,43%,26.3,13.7,3.6,7.7,47%,1.4,4.1,35%,5.0,11.8,43%,2.2,2.5,88%,0.2,1.7,1.9,3.6,2.8,2.8,0.8,2.4,0.1,10.3,0
"Strazel, Matthew",SG,ASV,FRA,182,19,20,40%,13.1,3.6,0.6,1.4,39%,0.6,1.7,32%,1.1,3.1,35%,0.9,1.0,85%,0.3,0.8,1.1,1.4,2.0,1.6,0.2,1.1,0.0,2.6,0
"Ndjock, Elwin",F,ASV,FRA,193,20,2,0%,4.0,0.5,0.0,0.0,-,0.0,0.0,-,0.0,0.0,-,0.5,1.0,50%,0.0,0.5,0.5,0.0,2.5,0.5,0.0,0.5,0.0,-2.0,0
"Walton Jr, Derrick",SG,ASV,USA,185,26,8,38%,19.6,6.1,0.9,3.0,29%,0.8,2.1,35%,1.6,5.1,32%,2.1,2.8,77%,0.0,1.0,1.0,2.3,1.6,3.3,0.6,2.1,0.0,5.1,0
"Bryant, Elijah",SG,MTA,USA,196,26,34,41%,23.3,9.8,2.5,5.1,48%,1.1,3.0,37%,3.6,8.1,44%,1.5,1.7,85%,0.4,2.6,3.0,2.0,2.3,2.2,0.9,1.6,0.1,8.8,0
"Wilbekin, Scottie",PG,MTA,USA,188,28,34,41%,27.1,13.8,2.1,4.1,50%,2.4,7.2,33%,4.4,11.3,39%,2.6,3.0,89%,0.3,2.2,2.5,3.9,1.4,3.7,1.1,2.4,0.0,13.6,0
"Jones, Chris",PG/SG,MTA,USA,188,28,34,41%,17.5,7.0,2.1,3.9,54%,0.7,2.0,36%,2.8,5.9,48%,0.6,0.8,75%,0.3,1.5,1.8,2.8,1.6,1.4,0.9,1.4,0.1,7.5,0
"Caloiaro, Angelo",PF,MTA,USA,203,32,33,42%,25.6,5.9,1.4,2.4,58%,0.6,1.8,32%,2.0,4.2,46%,1.4,1.7,82%,0.9,2.5,3.4,1.7,2.2,1.8,0.8,0.8,0.1,7.8,0
"Hunter, Othello",C,MTA,USA,203,35,27,33%,20.9,8.0,3.1,6.1,52%,0.0,0.1,0%,3.1,6.2,51%,1.7,2.3,71%,2.4,2.9,5.3,1.0,1.9,2.0,0.8,1.1,0.6,10.7,0
"Cohen, Sandy",SG,MTA,USA,198,26,18,33%,8.0,1.3,0.3,0.8,33%,0.2,0.6,40%,0.5,1.4,36%,0.1,0.2,33%,0.1,0.9,0.9,0.2,1.2,0.2,0.4,0.3,0.1,0.4,0
"Dorsey, Tyler",SG,MTA,USA,196,25,34,41%,21.9,11.2,1.7,3.6,48%,1.9,4.9,39%,3.6,8.5,43%,2.0,2.5,79%,0.6,2.1,2.7,1.6,1.9,3.4,0.6,1.9,0.1,9.7,0
"Blayzer, Oz",F,MTA,ISR,200,29,33,42%,10.5,2.5,0.6,1.1,54%,0.3,1.1,29%,0.9,2.1,41%,0.5,0.7,68%,0.3,0.9,1.3,0.4,1.6,0.8,0.5,0.5,0.2,2.0,0
"Bender, Dragan",PF/C,MTA,CRO,211,24,34,41%,19.1,6.6,1.5,2.5,60%,0.9,2.5,35%,2.4,5.0,48%,1.0,1.3,76%,0.8,3.0,3.8,0.7,2.4,1.2,0.4,1.1,0.5,6.7,0
"Sahar, Dori",F,MTA,ISR,195,20,4,50%,4.8,1.3,0.3,0.8,33%,0.3,0.8,33%,0.5,1.5,33%,0.0,0.0,-,0.5,0.5,1.0,0.3,0.8,0.0,0.0,0.3,0.3,0.5,0
"Zizic, Ante",C,MTA,CRO,210,24,34,41%,19.9,9.1,4.0,6.8,59%,0.0,0.0,-,4.0,6.8,59%,1.1,1.4,77%,2.1,3.2,5.4,0.7,1.6,1.7,0.4,1.4,0.8,11.4,0
"Alber, Eidan",SG,MTA,ISR,194,21,1,100%,0.5,0.0,0.0,0.0,-,0.0,0.0,-,0.0,0.0,-,0.0,0.0,-,0.0,0.0,0.0,0.0,0.0,0.0,0.0,0.0,0.0,0.0,0
"Atias, Yonatan",C,MTA,ISR,205,20,2,100%,2.6,0.0,0.0,1.0,0%,0.0,0.0,-,0.0,1.0,0%,0.0,0.0,-,0.0,1.0,1.0,0.0,0.0,0.0,0.0,0.5,0.0,-0.5,0
"Zoosman, Yovel",F,MTA,ISR,200,23,11,55%,13.6,2.6,0.3,1.1,25%,0.6,1.6,39%,0.9,2.7,33%,0.2,0.2,100%,0.3,1.3,1.5,0.6,2.0,0.6,0.5,0.5,0.0,1.6,0
"Dibartolomeo, John",SG,MTA,ISR,183,30,23,43%,10.4,3.8,0.4,0.7,53%,0.8,2.1,38%,1.2,2.8,42%,0.7,0.7,94%,0.3,0.7,1.0,1.0,1.3,1.3,0.6,0.4,0.1,4.3,0
"Casspi, Omri",F/PF,MTA,ISR,205,33,16,56%,11.3,4.1,1.4,3.1,47%,0.2,0.6,33%,1.6,3.6,45%,0.7,1.2,58%,0.4,2.0,2.4,0.8,1.0,1.3,0.3,1.1,0.3,4.5,0
"Cline, TJ",PF/C,MTA,ISR,206,27,3,33%,8.2,2.7,0.7,1.3,50%,0.3,0.7,50%,1.0,2.0,50%,0.3,0.7,50%,0.7,0.3,1.0,0.3,1.3,0.3,0.0,0.7,0.0,0.7,0
"Nikolaidis, Alexandros",SG,OLY,GRE,190,19,1,0%,2.2,0.0,0.0,1.0,0%,0.0,1.0,0%,0.0,2.0,0%,0.0,0.0,-,0.0,1.0,1.0,0.0,0.0,0.0,0.0,1.0,0.0,-2.0,0
"Harrison, Aaron",PG/SG,OLY,USA,198,27,27,48%,17.5,6.5,1.0,2.4,42%,0.9,3.5,27%,1.9,5.9,33%,1.7,2.1,81%,0.2,1.6,1.8,1.1,1.6,2.3,0.5,0.7,0.1,5.4,0
"Charalampopoulos, Vasilis",PF,OLY,GRE,202,24,11,36%,7.5,2.5,0.8,1.1,75%,0.3,1.7,16%,1.1,2.8,39%,0.1,0.3,33%,0.1,0.5,0.6,0.5,1.2,0.5,0.1,0.5,0.0,0.5,0
"Larentzakis, Giannoulis",SG,OLY,GRE,196,28,21,52%,12.4,4.5,0.4,1.0,43%,0.9,2.8,33%,1.3,3.8,35%,0.9,1.2,76%,0.2,1.4,1.6,1.4,2.2,1.2,0.8,1.0,0.0,3.5,0
"Koniaris, Antonios",SG,OLY,GRE,196,24,1,0%,5.1,0.0,0.0,0.0,-,0.0,0.0,-,0.0,0.0,-,0.0,0.0,-,0.0,0.0,0.0,0.0,1.0,0.0,1.0,1.0,0.0,-1.0,0
"Spanoulis, Vassilis",PG,OLY,GRE,193,39,34,47%,17.3,6.4,1.1,2.4,46%,1.0,3.5,28%,2.1,6.0,35%,1.1,1.7,64%,0.2,1.3,1.5,2.7,1.5,2.0,0.6,2.0,0.0,4.7,0
"Sloukas, Kostas",PG,OLY,GRE,190,31,34,47%,27.7,11.0,1.8,4.3,41%,1.7,4.1,40%,3.4,8.4,41%,2.4,2.6,92%,0.3,2.2,2.4,6.0,1.6,3.3,0.8,3.0,0.0,13.4,0
"Martin, Hassan",PF/C,OLY,USA,201,26,24,46%,22.9,9.0,4.0,5.5,72%,0.0,0.0,-,4.0,5.5,72%,1.0,1.5,71%,2.0,2.6,4.6,0.4,2.9,1.9,0.8,1.0,0.5,10.9,0
"Vezenkov, Sasha",PF,OLY,BUL,206,26,31,52%,23.6,11.5,1.9,3.9,50%,1.9,4.4,43%,3.8,8.2,46%,2.0,2.3,89%,1.3,4.1,5.4,1.1,1.4,2.4,0.7,0.5,0.5,14.8,0
"Printezis, Georgios",PF,OLY,GRE,205,36,31,52%,18.2,8.5,2.6,4.3,61%,0.8,1.8,44%,3.4,6.1,56%,0.9,1.6,57%,0.7,2.0,2.7,1.0,1.3,2.2,0.3,1.2,0.1,8.9,0
"Papanikolaou, Kostas",F/PF,OLY,GRE,204,31,14,50%,21.7,5.7,0.4,1.2,35%,1.2,3.3,37%,1.6,4.5,37%,1.2,1.4,89%,0.3,1.9,2.2,1.9,2.1,1.2,0.6,1.1,0.5,5.9,0
"Jean-Charles, Livio",PF,OLY,FRA,205,28,29,41%,17.5,6.3,2.3,3.5,67%,0.3,1.1,27%,2.7,4.7,57%,0.7,0.8,88%,1.4,1.8,3.2,0.5,2.1,1.3,0.6,1.2,0.7,7.1,0
"Koufos, Kosta",C,OLY,USA,213,32,8,63%,10.2,4.6,2.3,4.3,53%,0.0,0.0,-,2.3,4.3,53%,0.1,0.6,20%,0.6,1.6,2.3,0.8,1.4,0.9,0.0,1.1,0.5,3.8,0
"Jenkins, Charles",SG,OLY,USA,191,32,34,47%,15.9,2.9,0.6,0.9,68%,0.5,1.2,43%,1.1,2.1,54%,0.1,0.2,67%,0.1,1.1,1.2,0.9,2.3,0.3,0.8,0.4,0.0,2.2,0
"Ellis, Octavius",C,OLY,USA,208,28,33,48%,14.3,5.9,2.3,3.2,73%,0.0,0.0,-,2.3,3.2,73%,1.3,1.6,79%,1.9,2.2,4.1,0.4,2.7,1.8,0.4,1.2,0.7,8.1,0
"Mckissic, Shaquielle",SG,OLY,USA,196,31,33,45%,23.4,10.7,2.5,4.9,52%,1.1,3.5,31%,3.6,8.3,43%,2.5,3.5,72%,0.5,1.8,2.3,2.2,2.1,2.6,1.5,1.4,0.2,9.8,0
"Papagiannis, Georgios",C,PAO,GRE,217,24,32,31%,21.9,8.8,4.0,5.9,67%,0.0,0.3,13%,4.0,6.2,65%,0.8,1.1,67%,2.0,3.4,5.4,1.0,1.3,1.3,0.3,0.9,1.6,13.6,0
"Bochoridis, Eleftherios",SG,PAO,GRE,196,27,31,35%,15.9,4.4,0.9,2.3,38%,0.5,1.8,30%,1.4,4.2,34%,1.0,1.3,78%,0.5,1.3,1.8,2.2,2.9,2.1,0.7,1.4,0.2,4.0,0
"Auguste, Zach",C,PAO,GRE,203,28,21,29%,10.4,4.6,1.9,2.8,67%,0.0,0.0,100%,1.9,2.8,68%,0.8,1.4,53%,1.6,0.7,2.3,0.4,2.0,1.4,0.6,0.9,0.1,4.8,0
"Papapetrou, Ioannis",PF,PAO,GRE,207,27,27,30%,30.7,12.1,2.7,6.3,43%,1.7,4.6,37%,4.4,10.9,40%,1.7,2.3,73%,0.8,3.3,4.1,2.4,2.0,2.8,0.6,2.0,0.1,10.6,0
"Diplaros, Nikos",SG,PAO,GRE,190,24,3,0%,5.3,1.7,0.0,0.3,0%,0.3,0.7,50%,0.3,1.0,33%,0.7,0.7,100%,0.0,0.7,0.7,0.7,1.3,0.7,0.0,1.0,0.0,0.3,0
"Kaselakis, Leonidas",F,PAO,GRE,200,31,28,29%,10.0,2.2,0.3,0.6,41%,0.4,1.0,41%,0.7,1.6,41%,0.4,0.6,61%,0.6,0.9,1.5,0.5,1.1,0.7,0.2,0.2,0.0,2.6,0
"Vougioukas, Ian",C,PAO,GRE,211,36,3,0%,4.3,1.3,0.7,1.0,67%,0.0,0.3,0%,0.7,1.3,50%,0.0,0.3,0%,0.3,0.0,0.3,0.3,0.7,0.7,0.0,0.7,0.0,0.3,0
"Kalaitzakis, Georgios",SG,PAO,GRE,195,22,14,43%,4.4,1.6,0.4,0.8,45%,0.1,0.1,50%,0.4,0.9,46%,0.7,0.8,91%,0.1,0.6,0.6,0.1,1.6,0.7,0.2,0.2,0.1,1.1,0
"Foster, Marcus Franklee",PG,PAO,USA,191,26,20,30%,14.0,6.0,1.6,3.3,48%,0.8,1.8,42%,2.4,5.1,46%,0.5,0.9,56%,0.3,0.9,1.2,1.0,1.7,1.0,0.4,1.0,0.1,3.4,0
"Hezonja, Mario",F,PAO,CRO,198,26,8,25%,22.7,14.4,2.4,5.1,46%,1.9,5.1,37%,4.3,10.3,41%,4.0,4.8,84%,0.0,2.5,2.5,1.3,2.6,4.4,1.6,2.1,0.4,12.8,0
"Nedovic, Nemanja",SG,PAO,SER,191,30,25,36%,26.1,16.0,2.6,5.0,51%,2.7,7.2,37%,5.2,12.2,43%,2.8,3.4,84%,0.4,1.5,1.9,3.7,2.4,4.6,0.7,1.9,0.2,14.9,0
"White, Aaron",PF,PAO,USA,206,29,33,30%,22.4,7.3,1.7,2.7,61%,0.8,2.2,36%,2.5,5.0,50%,1.5,1.9,81%,1.3,2.7,4.0,1.0,1.9,1.7,0.5,0.7,0.2,9.0,0
"Mitoglou, Konstantinos",PF,PAO,GRE,210,25,34,32%,20.3,9.3,3.0,5.3,58%,0.5,1.8,30%,3.6,7.1,50%,1.7,2.4,71%,2.2,3.2,5.4,0.9,1.6,2.0,0.7,1.2,0.3,11.3,0
"Bentil, Ben",PF/C,PAO,GHA,204,26,31,32%,15.9,6.0,1.6,3.1,53%,0.5,1.4,36%,2.2,4.5,48%,1.2,1.6,74%,0.9,1.7,2.6,0.9,1.7,1.4,0.5,1.1,0.2,5.9,0
"Sant-Roos, Howard",F,PAO,CUB,201,30,32,28%,24.4,7.2,1.2,2.5,46%,1.2,3.5,35%,2.4,6.0,40%,1.2,1.5,81%,0.5,1.9,2.4,3.7,2.0,1.9,1.5,1.8,0.2,8.9,0
"Sykes, Keifer",PG,PAO,USA,183,28,3,33%,16.0,3.7,0.3,1.3,25%,1.0,3.3,30%,1.3,4.7,29%,0.0,0.0,-,0.3,1.3,1.7,2.7,1.3,1.3,0.0,0.7,0.0,3.7,0
"Mack, Shelvin",PG,PAO,USA,191,31,26,31%,16.5,6.0,1.1,2.7,41%,1.0,2.3,42%,2.1,5.0,41%,0.9,1.2,74%,0.3,0.9,1.2,2.8,1.8,1.2,0.7,1.6,0.0,5.0,0
"Causeur, Fabien",PG,RMB,FRA,195,34,24,54%,14.5,6.6,1.3,2.7,50%,1.0,2.2,45%,2.3,4.9,48%,1.0,1.5,62%,0.2,1.0,1.1,1.6,1.1,1.7,0.4,1.0,0.0,5.8,0
"Randolph, Anthony",PF,RMB,USA,211,32,13,69%,18.9,9.3,1.8,3.5,52%,1.5,3.9,37%,3.3,7.5,44%,1.2,1.4,89%,0.8,2.8,3.6,0.8,1.3,1.5,0.6,0.8,0.3,9.7,0
"Fernandez, Rudy",F,RMB,ESP,196,36,23,70%,14.4,5.3,0.2,0.7,33%,1.6,4.4,35%,1.8,5.1,35%,0.2,0.3,83%,0.1,0.9,1.0,1.3,1.1,1.1,0.4,0.5,0.1,4.3,0
"Abalde, Alberto",F,RMB,ESP,202,26,34,59%,19.3,7.4,1.3,2.7,48%,1.3,2.9,44%,2.6,5.6,46%,0.9,1.1,83%,0.3,2.1,2.4,2.3,1.5,1.4,0.5,0.9,0.0,8.2,0
"Campazzo, Facundo",PG,RMB,ARG,179,30,10,60%,25.8,9.3,1.6,2.8,57%,1.4,5.1,27%,3.0,7.9,38%,1.9,2.3,83%,0.2,2.3,2.5,6.7,2.5,3.8,2.0,2.7,0.0,13.6,0
"Laprovittola, Nicolas",PG,RMB,ARG,190,31,29,59%,18.0,6.9,0.9,2.0,45%,1.2,3.6,35%,2.1,5.6,39%,1.3,1.5,89%,0.3,1.3,1.6,3.7,2.2,2.5,0.7,1.7,0.0,7.6,0
"Reyes, Felipe",PF,RMB,ESP,204,41,3,67%,3.8,0.3,0.0,0.7,0%,0.0,0.0,-,0.0,0.7,0%,0.3,0.7,50%,0.7,0.7,1.3,0.0,1.3,1.0,0.3,1.0,0.3,0.0,0
"Alocen, Carlos",SG,RMB,ESP,194,21,24,42%,13.6,4.1,1.3,2.7,50%,0.4,1.5,25%,1.7,4.2,41%,0.3,0.5,58%,0.1,1.3,1.4,2.1,1.7,1.3,0.2,1.5,0.1,3.2,0
"Deck, Gabriel",F,RMB,ARG,198,26,32,56%,24.1,8.8,2.3,4.5,52%,0.8,1.8,41%,3.1,6.3,49%,1.8,2.2,84%,0.8,2.8,3.7,1.2,1.4,2.4,0.7,1.2,0.0,10.3,0
"Garuba, Usman",C,RMB,ESP,201,19,34,59%,14.2,3.0,0.9,1.5,61%,0.3,0.9,30%,1.2,2.4,49%,0.4,0.7,52%,1.1,2.4,3.6,0.7,1.6,0.8,0.6,1.0,0.7,5.1,0
"Carroll, Jaycee",SG,RMB,USA,188,38,26,62%,14.7,9.7,1.9,2.8,69%,1.6,3.9,41%,3.5,6.7,53%,1.0,1.0,93%,0.2,0.9,1.2,0.6,1.2,1.5,0.2,0.8,0.0,7.7,0
"Tavares, Walter",C,RMB,CAB,220,29,34,59%,26.2,11.5,4.8,7.2,66%,0.0,0.0,-,4.8,7.2,66%,2.0,2.7,72%,3.3,4.7,8.0,1.1,2.9,3.2,1.0,1.8,1.7,18.5,0
"Llull, Sergio",PG,RMB,ESP,190,34,21,71%,17.6,8.6,1.2,2.8,44%,1.5,4.2,35%,2.7,7.0,39%,1.7,2.0,84%,0.3,1.1,1.5,2.7,1.7,1.9,0.4,0.8,0.0,8.0,0
"Thompkins, Trey",PF,RMB,USA,208,31,33,61%,22.0,9.9,2.2,3.8,59%,1.5,3.8,40%,3.7,7.5,50%,1.0,1.0,94%,0.6,3.8,4.4,1.3,1.9,1.5,0.6,1.0,0.4,11.2,0
"Taylor, Jeffery",F,RMB,SWE,201,32,27,59%,15.6,4.0,1.0,1.6,64%,0.4,1.7,26%,1.5,3.3,44%,0.6,0.7,75%,0.6,0.7,1.3,0.5,2.1,0.8,0.5,0.7,0.1,2.2,0
"Tyus, Alex",C,RMB,USA,203,33,16,44%,9.8,2.3,1.0,2.0,50%,0.0,0.0,-,1.0,2.0,50%,0.3,0.3,100%,1.1,1.1,2.1,0.5,1.2,0.4,0.4,0.6,0.4,3.2,0
"Raieste, Sander",F/PF,BSK,EST,204,22,10,80%,4.5,0.7,0.2,0.8,25%,0.1,0.2,50%,0.3,1.0,30%,0.0,0.0,-,0.6,0.3,0.9,0.1,0.7,0.4,0.1,0.3,0.0,0.3,0
"Vildoza, Luca",PG,BSK,ITA,191,26,32,53%,25.2,10.3,1.8,3.9,46%,1.8,4.8,39%,3.7,8.7,42%,1.1,1.4,76%,0.4,1.7,2.0,3.5,2.0,2.6,1.6,2.3,0.1,10.2,0
"Jekiri, Tonye",C,BSK,NIG,212,27,30,53%,18.8,6.0,2.5,5.0,51%,0.0,0.0,-,2.5,5.0,51%,0.9,1.4,64%,1.4,3.5,4.9,1.9,2.2,1.5,0.7,1.5,0.4,8.4,0
"Henry, Pierria",SG,BSK,USA,193,28,34,53%,26.8,10.5,3.0,5.9,51%,0.8,2.4,33%,3.8,8.4,46%,2.1,2.5,81%,0.8,2.4,3.2,7.3,1.8,3.1,1.7,2.9,0.1,16.0,0
"Sedekerskis, Tadas",F/PF,BSK,LIT,200,23,32,53%,16.3,3.5,0.9,1.7,57%,0.3,0.9,37%,1.3,2.6,49%,0.6,0.7,78%,0.6,2.3,2.9,1.1,1.2,0.7,0.6,0.6,0.3,5.6,0
"Diop, Ilimane",C,BSK,ESP,211,26,27,52%,6.7,1.3,0.3,0.7,37%,0.2,0.6,33%,0.4,1.3,35%,0.3,0.4,58%,0.4,1.0,1.3,0.3,1.7,0.5,0.1,0.9,0.3,0.1,0
"Fall, Youssoupha",C,BSK,SEN,221,26,32,53%,11.7,7.0,2.7,4.3,63%,0.0,0.0,-,2.7,4.3,63%,1.7,2.2,76%,1.3,1.9,3.2,0.5,2.0,2.3,0.5,1.8,0.7,8.1,0
"Peters, Alec",PF,BSK,USA,206,26,33,52%,23.5,11.5,2.1,3.7,56%,1.9,4.3,45%,4.0,7.9,50%,1.6,1.8,92%,1.2,2.7,3.9,1.6,2.1,2.1,0.5,0.8,0.2,12.5,0
"Dragic, Zoran",SG/F,BSK,SLO,196,32,33,52%,18.0,8.5,2.1,4.0,51%,0.8,2.7,28%,2.8,6.7,42%,2.1,2.7,79%,0.6,0.9,1.6,0.9,1.3,2.8,0.6,1.2,0.0,6.8,0
"Giedraitis, Rokas",F/PF,BSK,LIT,200,29,34,53%,28.8,12.7,2.6,4.7,55%,1.9,4.8,40%,4.5,9.5,48%,1.8,2.2,82%,0.8,2.2,3.0,1.5,1.4,2.4,1.1,1.1,0.1,12.9,0
"Polonara, Achille",PF,BSK,ITA,202,30,33,52%,29.8,12.2,3.0,5.2,57%,1.6,3.7,44%,4.6,8.9,52%,1.2,2.1,60%,2.3,4.3,6.6,1.9,2.3,2.4,1.2,0.9,0.9,16.5,0
"Kurucs, Arturs",SG,BSK,LAT,190,21,21,48%,4.2,0.7,0.0,0.4,13%,0.1,0.6,25%,0.2,1.0,20%,0.1,0.2,60%,0.2,0.1,0.3,0.4,0.8,0.2,0.0,0.2,0.0,-0.2,0
"Marinkovic, Vanja",SG,VBC,SRB,198,24,15,47%,14.5,6.3,0.9,1.9,45%,1.4,3.9,36%,2.3,5.8,39%,0.4,0.5,86%,0.1,1.1,1.3,0.6,1.6,0.8,0.2,0.9,0.0,2.9,0
"Prepelic, Klemen",PG/SG,VBC,SLO,191,29,32,56%,20.6,12.1,1.3,2.3,56%,2.2,5.3,42%,3.5,7.6,46%,2.8,3.2,90%,0.3,1.1,1.4,2.8,2.3,3.3,0.5,1.7,0.0,11.3,0
"Pradilla, Jaime",C,VBC,ESP,205,20,17,53%,7.2,2.9,1.1,2.0,53%,0.1,0.3,40%,1.2,2.3,51%,0.4,0.5,78%,0.6,0.7,1.3,0.3,1.2,0.8,0.2,0.3,0.1,2.4,0
"Labeyrie, Louis",PF/C,VBC,FRA,209,29,29,55%,20.3,7.5,1.8,2.5,71%,0.9,2.6,36%,2.7,5.1,53%,1.2,1.6,74%,0.7,2.9,3.6,0.5,1.1,1.9,0.5,0.6,0.3,9.7,0
"Van Rossom, Sam",PG,VBC,BEL,188,35,33,55%,22.5,7.3,1.5,2.6,56%,1.1,3.0,35%,2.5,5.6,45%,1.2,1.4,87%,0.4,2.2,2.6,3.8,1.7,1.9,0.7,2.0,0.1,9.2,0
"Tobey, Mike",C,VBC,USA,213,27,33,58%,18.7,9.6,3.3,4.9,67%,0.6,1.6,40%,4.0,6.5,61%,1.1,1.3,81%,1.7,3.3,5.0,0.8,2.1,1.4,0.4,0.9,0.4,11.7,0
"Kalinic, Nikola",F,VBC,SER,202,30,34,56%,26.7,10.4,3.1,5.2,60%,0.6,1.9,33%,3.8,7.1,53%,2.2,2.8,79%,0.9,2.5,3.4,3.2,2.7,2.8,0.9,2.0,0.4,12.3,0
"Dubljevic, Bojan",PF/C,VBC,MON,205,30,29,59%,22.4,9.8,2.6,5.0,52%,0.9,2.7,33%,3.5,7.7,46%,1.9,2.4,80%,2.2,3.6,5.8,2.4,1.5,3.2,0.9,2.0,0.2,13.6,0
"Vives, Guillem",SG,VBC,ESP,192,28,26,62%,18.1,4.5,0.8,1.4,61%,0.8,2.0,40%,1.7,3.4,48%,0.4,0.6,69%,0.2,1.3,1.5,2.3,2.7,1.2,0.9,1.1,0.1,4.6,0
"San Emeterio, Fernando",F,VBC,ESP,199,37,24,50%,13.3,4.9,1.0,2.2,46%,0.7,2.0,36%,1.7,4.1,41%,0.8,0.8,95%,0.4,0.9,1.3,1.3,1.2,1.4,0.3,0.5,0.0,5.0,0
"Williams, Derrick",PF,VBC,USA,203,30,34,56%,20.2,9.0,2.6,3.9,66%,0.7,2.1,32%,3.3,6.0,54%,1.8,2.4,73%,0.5,2.6,3.1,1.1,1.5,1.9,0.7,1.0,0.1,9.7,0
"Hermannsson, Martin",PG/SG,VBC,ICE,190,27,29,52%,17.7,6.9,1.7,3.7,46%,0.6,1.6,38%,2.3,5.3,44%,1.6,1.9,87%,0.4,1.1,1.5,3.4,1.9,2.2,0.5,1.3,0.0,7.8,0
"Sastre, Joan",F,VBC,ESP,201,30,16,56%,17.0,4.9,1.0,2.1,48%,0.8,2.4,33%,1.8,4.5,40%,0.4,0.6,78%,0.5,0.7,1.2,0.9,1.9,0.8,0.6,0.7,0.1,2.8,0
"Puerto, Josep",SG/F,VBC,ESP,199,22,17,47%,4.9,1.2,0.3,0.7,42%,0.1,0.4,33%,0.4,1.1,39%,0.2,0.4,67%,0.2,0.2,0.4,0.3,1.1,0.4,0.1,0.1,0.1,0.4,0
"Ferrando, Guillem",SG,VBC,ESP,185,19,1,100%,1.9,0.0,0.0,0.0,-,0.0,1.0,0%,0.0,1.0,0%,0.0,0.0,-,0.0,2.0,2.0,1.0,0.0,0.0,0.0,0.0,0.0,2.0,0
"Jimenez, Millan",SG,VBC,ESP,198,19,1,100%,1.1,0.0,0.0,0.0,-,0.0,0.0,-,0.0,0.0,-,0.0,0.0,-,0.0,0.0,0.0,0.0,0.0,0.0,0.0,0.0,0.0,0.0,0
"Walkup, Thomas",PG/SG,ZAL,USA,193,29,34,50%,24.2,8.2,1.8,3.8,47%,1.3,3.4,37%,3.1,7.2,42%,0.9,0.9,91%,0.5,2.5,3.0,4.5,2.4,2.3,1.1,1.6,0.0,10.6,0
"Blazevic, Marek",F/PF,ZAL,LIT,209,20,6,83%,4.7,2.0,0.7,1.7,40%,0.0,0.0,-,0.7,1.7,40%,0.7,1.0,67%,0.7,0.5,1.2,0.3,0.3,0.8,0.0,0.5,0.2,2.2,0
"Lekavicius, Lukas",SG,ZAL,LIT,183,27,33,52%,18.3,8.2,2.4,4.2,57%,0.8,1.5,50%,3.2,5.7,55%,1.2,1.3,86%,0.3,0.8,1.2,2.4,1.8,2.5,0.5,1.6,0.0,8.3,0
"Garino, Patricio",F,ZAL,ITA,201,28,4,50%,7.3,3.0,0.5,1.0,50%,0.5,1.3,40%,1.0,2.3,44%,0.5,0.5,100%,0.0,0.8,0.8,0.8,1.5,0.5,0.0,0.3,0.3,2.0,0
"Hayes, Nigel",F,ZAL,USA,203,27,33,48%,26.7,9.5,1.6,3.7,44%,1.6,3.7,44%,3.3,7.4,44%,1.3,1.4,89%,1.0,2.9,3.9,1.2,1.7,1.5,1.1,1.1,0.2,9.8,0
"Jankunas, Paulius",PF,ZAL,LIT,205,37,34,50%,15.9,3.9,1.0,1.9,51%,0.2,0.9,28%,1.2,2.8,44%,1.2,1.3,91%,1.0,3.4,4.4,1.0,1.6,1.5,0.5,0.8,0.1,7.1,0
"Lukosiunas, Karolis",F,ZAL,LIT,195,24,16,56%,5.7,2.3,0.1,0.1,50%,0.7,1.7,41%,0.8,1.8,41%,0.1,0.1,50%,0.1,0.1,0.3,0.2,0.8,0.2,0.1,0.3,0.1,0.8,0
"Milaknis, Arturas",SG,ZAL,LIT,195,35,25,56%,18.5,6.0,0.6,1.2,48%,1.6,3.3,47%,2.1,4.5,47%,0.2,0.2,100%,0.1,0.9,1.0,0.7,1.7,0.6,0.5,0.4,0.1,4.5,0
"Geben, Martinas",C,ZAL,LIT,208,27,33,52%,8.1,3.3,1.3,2.1,62%,0.0,0.0,-,1.3,2.1,62%,0.7,1.0,73%,0.8,1.3,2.1,0.6,1.3,1.1,0.4,0.5,0.2,4.5,0
"Rubit, Augustine",C,ZAL,USA,203,32,31,48%,19.1,8.1,2.9,5.6,53%,0.1,0.5,27%,3.1,6.1,51%,1.9,2.3,83%,1.2,3.0,4.2,0.7,2.0,2.2,0.6,1.0,0.3,9.4,0
"Jokubaitis, Rokas",SG,ZAL,LIT,192,21,31,52%,20.9,7.0,2.1,4.3,48%,0.6,1.6,39%,2.7,5.9,45%,1.0,1.3,76%,0.4,1.3,1.7,2.5,1.6,2.0,0.5,1.5,0.0,6.8,0
"Vasturia, Steve",SG,ZAL,USA,196,26,19,42%,11.7,2.5,0.5,1.2,41%,0.4,1.2,36%,0.9,2.3,39%,0.3,0.4,75%,0.1,0.8,0.9,0.7,1.8,0.5,0.3,0.6,0.1,1.0,0
"Grigonis, Marius",SG,ZAL,LIT,198,27,34,50%,27.6,13.4,2.3,4.5,51%,2.1,4.6,46%,4.4,9.2,48%,2.5,2.6,94%,0.5,1.6,2.1,3.3,2.5,4.2,0.8,2.3,0.1,13.7,0
"Lauvergne, Joffrey",C,ZAL,FRA,211,30,32,47%,20.9,10.7,4.7,8.0,59%,0.1,0.2,40%,4.8,8.2,59%,1.1,1.7,66%,2.3,3.3,5.6,1.5,2.2,1.8,0.5,1.6,0.1,12.0,0
"Rubstavicius, Mantas",SG,ZAL,LIT,198,19,1,100%,2.2,2.0,0.0,0.0,-,0.0,0.0,-,0.0,0.0,-,2.0,2.0,100%,0.0,0.0,0.0,0.0,0.0,1.0,0.0,0.0,0.0,3.0,0
"Rivers, KC",SG/F,ZEN,USA,196,34,32,59%,21.5,6.1,0.9,2.0,48%,1.4,3.8,37%,2.3,5.7,40%,0.1,0.3,44%,0.5,1.9,2.4,0.6,1.9,0.9,0.5,0.5,0.2,4.6,0
"Zakharov, Denis",SG,ZEN,RUS,192,28,12,50%,5.4,1.2,0.2,0.3,50%,0.1,0.8,11%,0.3,1.1,23%,0.6,0.8,70%,0.2,0.1,0.3,1.1,1.3,0.8,0.4,0.7,0.1,0.8,0
"Pangos, Kevin",PG,ZEN,SLO,188,28,34,59%,28.3,13.1,2.2,4.3,52%,2.4,6.0,40%,4.6,10.3,45%,1.5,1.8,85%,0.3,1.6,1.9,6.6,2.3,3.5,0.6,2.8,0.0,14.3,0
"Fridzon, Vitaly",SG,ZEN,RUS,195,36,27,70%,4.9,1.2,0.2,0.4,50%,0.2,0.6,33%,0.4,1.0,41%,0.2,0.2,83%,0.1,0.4,0.5,0.3,0.9,0.3,0.2,0.3,0.0,0.7,0
"Volkhin, Igor",F,ZEN,RUS,199,24,1,100%,4.5,0.0,0.0,0.0,-,0.0,1.0,0%,0.0,1.0,0%,0.0,0.0,-,0.0,0.0,0.0,0.0,0.0,0.0,1.0,0.0,0.0,0.0,0
"Hollins, Austin",SG,ZEN,USA,193,30,33,58%,18.7,8.3,1.6,2.7,58%,1.4,3.9,36%,3.0,6.6,45%,0.9,1.2,82%,0.5,1.2,1.6,0.9,2.1,0.9,1.0,0.8,0.2,6.1,0
"Thomas, Will",F,ZEN,USA,203,35,34,59%,25.7,9.2,2.2,3.6,61%,0.9,2.0,42%,3.1,5.7,54%,2.1,2.4,88%,1.5,3.4,4.9,1.4,1.5,2.5,0.7,1.0,0.1,13.2,0
"Baron, Billy",SG,ZEN,USA,188,31,34,59%,18.4,9.6,1.0,2.1,47%,2.1,4.5,47%,3.1,6.6,47%,1.2,1.4,88%,0.1,1.2,1.4,1.8,1.8,1.8,0.3,0.9,0.0,8.1,0
"Khvostov, Dmitry",SG,ZEN,RUS,190,32,13,62%,7.8,1.2,0.3,0.4,80%,0.2,0.9,17%,0.5,1.3,35%,0.2,0.2,100%,0.1,0.3,0.4,1.8,1.2,0.7,0.2,0.6,0.0,1.8,0
"Pushkov, Anton",C,ZEN,RUS,208,33,13,46%,5.3,1.6,0.4,1.0,38%,0.0,0.0,-,0.4,1.0,38%,0.8,1.1,79%,0.4,0.8,1.2,0.2,1.8,0.6,0.2,0.5,0.3,0.8,0
"Trushkin, Vladislav",F,ZEN,RUS,201,28,6,50%,3.0,0.7,0.3,0.7,50%,0.0,0.5,0%,0.3,1.2,29%,0.0,0.0,-,0.0,0.7,0.7,0.0,0.2,0.0,0.2,0.2,0.0,0.3,0
"Zubkov, Andrey",PF,ZEN,RUS,206,30,34,59%,15.9,5.4,1.4,2.2,61%,0.7,1.7,40%,2.0,3.9,52%,0.6,0.9,69%,0.4,1.6,2.0,1.1,1.8,1.3,0.3,0.9,0.0,5.2,0
"Poythress, Alex",PF,ZEN,USA,206,28,27,63%,18.7,8.6,3.7,6.0,62%,0.0,0.3,0%,3.7,6.3,60%,1.1,1.4,76%,1.6,2.6,4.2,0.6,2.9,1.6,0.5,1.3,0.6,8.7,0
"Ponitka, Mateusz",SG/F,ZEN,POL,198,28,34,59%,26.0,8.4,2.0,3.4,60%,0.6,2.1,31%,2.6,5.5,48%,2.5,3.1,79%,0.9,4.3,5.2,3.2,2.2,3.8,1.0,1.8,0.1,14.1,0
"Gudaitis, Arturas",C,ZEN,LIT,208,28,30,57%,20.5,9.9,3.1,5.2,60%,0.0,0.0,-,3.1,5.2,60%,3.7,4.8,77%,1.7,2.5,4.1,0.7,2.2,4.1,0.4,0.9,0.6,13.0,0
"Black, Tarik",C,ZEN,USA,206,30,8,50%,13.1,4.1,1.8,2.9,61%,0.0,0.0,-,1.8,2.9,61%,0.6,0.6,100%,0.6,1.8,2.4,0.6,2.3,0.5,0.6,1.0,0.6,4.3,0